{"cameraMode":{"drawMode":0,"name":"Shaded","section":"Shading Mode"},"sceneLighting":false,"audioPlay":false,"sceneViewState":{"showFog":true,"showMaterialUpdate":false,"showSkybox":false,"showFlares":true,"showImageEffects":true,"showParticleSystems":true},"in2DMode":false,"pivot":{"x":4.192564964294434,"y":1.8021870851516724,"z":-1.0309927463531495},"rotation":{"x":0.043466731905937198,"y":-0.02996727079153061,"z":0.0013043659273535014,"w":0.9986054301261902},"size":2.0623531341552736,"orthographic":true}