{"cameraMode":{"drawMode":0,"name":"Shaded","section":"Shading Mode"},"sceneLighting":false,"audioPlay":false,"sceneViewState":{"showFog":true,"showMaterialUpdate":false,"showSkybox":false,"showFlares":true,"showImageEffects":true,"showParticleSystems":true},"in2DMode":false,"pivot":{"x":4.4070281982421879,"y":1.7762330770492554,"z":-0.3124328553676605},"rotation":{"x":0.20994529128074647,"y":-0.196446031332016,"z":0.0431046225130558,"w":0.9568064212799072},"size":2.1129472255706789,"orthographic":true}