{"cameraMode":{"drawMode":0,"name":"Shaded","section":"Shading Mode"},"sceneLighting":false,"audioPlay":false,"sceneViewState":{"showFog":true,"showMaterialUpdate":false,"showSkybox":false,"showFlares":true,"showImageEffects":true,"showParticleSystems":true},"in2DMode":false,"pivot":{"x":4.4070281982421879,"y":1.7762330770492554,"z":-0.3124328553676605},"rotation":{"x":-0.1610487550497055,"y":-0.5362371802330017,"z":0.10507745295763016,"w":-0.8218875527381897},"size":2.1129472255706789,"orthographic":true}