{"cameraMode":{"drawMode":0,"name":"Shaded","section":"Shading Mode"},"sceneLighting":false,"audioPlay":false,"sceneViewState":{"showFog":true,"showMaterialUpdate":false,"showSkybox":false,"showFlares":true,"showImageEffects":true,"showParticleSystems":true},"in2DMode":false,"pivot":{"x":7.00009822845459,"y":1.4815248250961304,"z":1.2405551671981812},"rotation":{"x":-0.21668393909931184,"y":-0.27724161744117739,"z":0.06433309614658356,"w":-0.9338501691818237},"size":1.8590048551559449,"orthographic":true}