{"cameraMode":{"drawMode":0,"name":"Shaded","section":"Shading Mode"},"sceneLighting":false,"audioPlay":false,"sceneViewState":{"showFog":true,"showMaterialUpdate":false,"showSkybox":false,"showFlares":true,"showImageEffects":true,"showParticleSystems":true},"in2DMode":false,"pivot":{"x":4.192564964294434,"y":1.8021870851516724,"z":-1.0309927463531495},"rotation":{"x":0.031275562942028049,"y":-0.9638567566871643,"z":0.22975139319896699,"w":0.1312076300382614},"size":2.0623531341552736,"orthographic":true}